metric,basic,advanced,delta_advanced_minus_basic
answer_correctness,0.9486613656739984,0.949181705285751,0.0005203396117525738
answer_relevancy,0.47691763030875745,0.47256533303921805,-0.004352297269539396
context_recall,1.0,1.0,0.0
faithfulness,0.5,0.6,0.09999999999999998
llm_context_precision_with_reference,0.8166666666341668,0.7491428571214362,-0.06752380951273051
