metric,basic,advanced,delta_advanced_minus_basic
answer_correctness,0.9486949737433662,0.9364322539838381,-0.012262719759528085
answer_relevancy,0.4743687237777502,0.4800085403375144,0.005639816559764199
context_recall,1.0,1.0,0.0
faithfulness,0.48,0.8,0.32000000000000006
llm_context_precision_with_reference,0.8166666666341668,0.7092517006600351,-0.1074149659741317
